document,name,email,phone,hobby,len
1073d46f-2241-459b-ab01-851be8d26436,Aaliyah Popova,aaliyah.popova4783@aol.edu,(95) 94215-7906,Podcasting,1
1073d46f-2241-459b-ab01-851be8d26436,,konstantin.becker@gmail.com,0475 4429797,Quilting,-5
1073d46f-2241-459b-ab01-851be8d26436,Mieko Mitsubishi,mieko_mitsubishi@msn.org,+27 61 222 4762,Metal detecting,259
9324ee01-7bdc-41b1-a7a5-01307f72c20d,Kazuo Sun,kazuosun@hotmail.net,0304 2215930,Amateur radio,-43
9324ee01-7bdc-41b1-a7a5-01307f72c20d,Arina SunMoonStarsPlanetsMErcuryVenusEarthMarsJupiter,arina-sun@gmail.net,0412 1245924,Related,210
13166f5c-6f4a-4047-90b8-52599e98f221,Baha Hoffman,bahahoffman@yahoo.net,+27 68 670 7513,Related,3
88db5573-f453-4dff-a6b1-362eb469bf2f,Natalia Gross,nataliagross@aol.org,(98) 96894-7830,Related,371
8c9c705b-b073-48d4-80c4-b6b123d691c3,Alexander Tanaka,alexandertanaka@hotmail.net,+86 10746 1491,Metalworking,233
9324ee01-7bdc-41b1-a7a5-01307f72c20d,Kuo Lopez,kuolopez@hotmail.com,+27 49 207 3764,Kite surfing,305
a9c3689c-951d-4f25-a9d7-8b3c8721305a,Ashok Ma,ashokma5698@msn.net,0932 173 536,Jigsaw puzzles,178
45507bc9-7b42-49fd-8fa3-031cdaade706,Shankar Yu,shankar-yu@outlook.net,(13) 98824-5547,Mixology,-6
30760961-7d90-4282-8082-4401e4042f6e,Kuo Volkova,kuo_volkova6048@outlook.com,(11) 94860-2124,Escape rooms,239
9324ee01-7bdc-41b1-a7a5-01307f72c20d,Aiguo Martin,aiguo-martin@hotmail.com,+91-39941 98087,Model trains,370
6aa5d5a9-17e9-4819-af67-a53aed2bb41d,Ram Luo,ramluo1165@gmail.edu,+86 17610 3742,Welding,339
40a76eb0-e92d-4bed-8ead-8e293a32f617,Ram Watanabe,ram.watanabe1088@hotmail.net,(990) 199-2504,Electronics repair,270
cc52b2e3-b028-47a8-a9c9-115d405bc631,Guo Weber,guo.weber@yahoo.com,0953 350 216,Mixology,388
58ab7247-5aee-427d-94b5-4135ff64a41f,Shen Ma,shenma@aol.gov,(48) 96198-7145,Related,-326
aa294fcc-bb6e-43cb-8711-3112bbe56a94,Phillip Martinez,phillip-martinez@outlook.com,+86 19144 1648,Swimming,308
1700e0e9-3b40-47dc-8ff9-d03956c49b9e,Aiguo Ma,aiguoma@hotmail.org,+27 74 835 2260,Skydiving,330
7834411f-b88d-44ec-a69a-ef5bb5f401cb,Chen Pan,chenpan18@aol.edu,0681 906 1896,Genealogy,315
,,,,,
,,,,,
,,,,,
,,,,,
,,,,,
,,,,,
,,,,,
,,,,,
,,,,,
,,,,,
,,,,,
,,,,,
,,,,,
,,,,,
,,,,,
,,,,,
,,,,,
,,,,,
,,,,,
,,,,,
,,,,,
,,,,,
,,,,,
,,,,,
,,,,,
,,,,,
,,,,,
,,,,,
,,,,,
,,,,,
,,,,,
,,,,,
,,,,,
,,,,,
,,,,,
,,,,,
,,,,,
,,,,,
,,,,,
,,,,,
,,,,,
,,,,,
,,,,,
,,,,,
,,,,,
,,,,,
,,,,,
,,,,,
,,,,,
,,,,,
,,,,,
,,,,,
,,,,,
,,,,,
,,,,,
,,,,,
,,,,,
,,,,,
,,,,,
,,,,,
,,,,,
,,,,,
,,,,,
,,,,,
,,,,,
,,,,,
,,,,,
,,,,,
,,,,,
,,,,,
,,,,,
,,,,,
,,,,,
,,,,,
